index,word
0,<pad>
1,a
2,in
3,the
4,on
5,is
6,and
7,dog
8,with
9,man
10,of
11,two
12,white
13,black
14,boy
15,are
16,woman
17,girl
18,to
19,wearing
20,at
21,people
22,water
23,red
24,young
25,brown
26,an
27,his
28,blue
29,dogs
30,running
31,through
32,playing
33,while
34,shirt
35,down
36,standing
37,ball
38,little
39,grass
40,snow
41,child
42,person
43,jumping
44,over
45,three
46,front
47,sitting
48,holding
49,up
50,field
51,small
52,by
53,large
54,green
55,one
56,group
57,yellow
58,her
59,walking
60,children
61,men
62,into
63,air
64,beach
65,near
66,mouth
67,jumps
68,another
69,for
70,street
71,runs
72,its
73,from
74,riding
75,stands
76,as
77,bike
78,girls
79,outside
80,other
81,off
82,out
83,rock
84,next
85,play
86,orange
87,looking
88,pink
89,player
90,camera
91,their
92,pool
93,hat
94,jacket
95,boys
96,women
97,around
98,behind
99,some
100,background
101,dirt
102,toy
103,soccer
104,sits
105,dressed
106,has
107,wall
108,mountain
109,walks
110,crowd
111,along
112,plays
113,stand
114,looks
115,building
116,park
117,climbing
118,four
119,top
120,face
121,football
122,across
123,grassy
124,holds
125,sand
126,stick
127,smiling
128,ocean
129,rides
130,hill
131,swimming
132,skateboard
133,carrying
134,doing
135,each
136,tennis
137,car
138,tree
139,snowy
140,baby
141,picture
142,bicycle
143,hair
144,together
145,jump
146,him
147,it
148,area
149,road
150,that
151,basketball
152,tan
153,back
154,trick
155,swing
156,race
157,head
158,shorts
159,bench
160,sidewalk
161,covered
162,run
163,catch
164,game
165,sit
166,helmet
167,ground
168,hand
169,dress
170,something
171,fence
172,kids
173,being
174,frisbee
175,lake
176,path
177,city
178,walk
179,ramp
180,wave
181,skateboarder
182,several
183,long
184,purple
185,side
186,there
187,slide
188,baseball
189,high
190,posing
191,track
192,players
193,wooden
194,big
195,sunglasses
196,boat
197,watches
198,uniform
199,dark
200,coat
201,trees
202,look
203,them
204,table
205,pants
206,rocks
207,ride
208,rope
209,watching
210,motorcycle
211,suit
212,grey
213,couple
214,towards
215,arms
216,beside
217,under
218,hands
219,rocky
220,sign
221,watch
222,snowboarder
223,river
224,horse
225,does
226,above
227,racing
228,older
229,jeans
230,lady
231,ice
232,colored
233,striped
234,colorful
235,pose
236,who
237,woods
238,onto
239,guy
240,he
241,midair
242,glasses
243,leaps
244,taking
245,mountains
246,haired
247,asian
248,climbs
249,blonde
250,against
251,playground
252,yard
253,collar
254,performing
255,hockey
256,cliff
257,cap
258,bird
259,blond
260,open
261,body
262,smiles
263,laying
264,surfer
265,team
266,many
267,rider
268,chasing
269,after
270,kid
271,wet
272,fountain
273,skier
274,surrounded
275,outdoors
276,flying
277,old
278,during
279,inside
280,brick
281,biker
282,others
283,shore
284,edge
285,takes
286,away
287,light
288,toddler
289,guitar
290,hanging
291,t
292,very
293,middle
294,trying
295,someone
296,five
297,forest
298,night
299,outfit
300,gray
301,backpack
302,pole
303,bed
304,talking
305,object
306,steps
307,making
308,floor
309,nearby
310,about
311,whilst
312,line
313,going
314,flowers
315,arm
316,sky
317,past
318,toward
319,tall
320,surfboard
321,trail
322,swinging
323,eating
324,dancing
325,board
326,this
327,poses
328,waves
329,bridge
330,leaves
331,all
332,day
333,leaping
334,outdoor
335,window
336,bag
337,course
338,clothes
339,legs
340,chair
341,fighting
342,costume
343,house
344,room
345,leash
346,plastic
347,shallow
348,clothing
349,splashing
350,stone
351,carries
352,shirts
353,ready
354,climber
355,obstacle
356,between
357,getting
358,bright
359,sliding
360,adult
361,catches
362,swings
363,they
364,skateboarding
365,bathing
366,concrete
367,sweater
368,waiting
369,sled
370,trampoline
371,gear
372,lawn
373,winter
374,metal
375,skiing
376,wears
377,uniforms
378,mud
379,male
380,jersey
381,railing
382,number
383,sandy
384,fire
385,stream
386,store
387,tongue
388,pulling
389,golden
390,throwing
391,sun
392,set
393,distance
394,upside
395,catching
396,stairs
397,train
398,bar
399,drink
400,fishing
401,lot
402,get
403,tries
404,gets
405,adults
406,smile
407,shirtless
408,like
409,swims
410,overlooking
411,flies
412,female
413,ski
414,rail
415,couch
416,wooded
417,makes
418,tricks
419,busy
420,drinking
421,puppy
422,chases
423,animal
424,tire
425,lying
426,flag
427,vest
428,surfing
429,american
430,cellphone
431,performs
432,swim
433,laughing
434,pond
435,reading
436,right
437,leaning
438,trunks
439,flip
440,huge
441,shopping
442,dock
443,food
444,she
445,puddle
446,horses
447,eyes
448,hats
449,bat
450,slides
451,photo
452,shoes
453,nose
454,sunset
455,left
456,kayak
457,bubbles
458,cart
459,truck
460,climb
461,coming
462,stunt
463,deep
464,hold
465,scarf
466,snowboard
467,no
468,bikes
469,life
470,or
471,feet
472,family
473,umbrella
474,waterfall
475,goal
476,elderly
477,restaurant
478,view
479,equipment
480,tent
481,skating
482,hurdle
483,greyhound
484,both
485,biting
486,harness
487,skis
488,lone
489,setting
490,mask
491,muddy
492,falling
493,take
494,wetsuit
495,bus
496,hiker
497,flags
498,vehicle
499,bags
500,court
501,skirt
502,paper
503,dry
504,guys
505,fight
506,sweatshirt
507,dresses
508,surf
509,crowded
510,structure
511,tank
512,ledge
513,bmx
514,book
515,be
516,six
517,pile
518,go
519,cigarette
520,german
521,slope
522,raft
523,driving
524,kick
525,short
526,airborne
527,skate
528,diving
529,faces
530,cross
531,cement
532,have
533,inflatable
534,goggles
535,wood
536,costumes
537,graffiti
538,goes
539,teenage
540,subway
541,canoe
542,kicking
543,cyclist
544,dance
545,bottle
546,splashes
547,parking
548,shaking
549,buildings
550,parade
551,fallen
552,hit
553,turn
554,shepherd
555,ring
556,sports
557,ears
558,gathered
559,jackets
560,blanket
561,pictures
562,throws
563,tunnel
564,band
565,silver
566,backyard
567,closeup
568,microphone
569,chairs
570,full
571,smoking
572,smaller
573,leather
574,low
575,bikini
576,event
577,boots
578,balls
579,sunny
580,piece
581,held
582,bull
583,wheel
584,beard
585,surface
586,cat
587,cars
588,fluffy
589,stage
590,kicks
591,painted
592,make
593,outfits
594,using
595,bicyclist
596,pushing
597,hiking
598,box
599,statue
600,stuffed
601,pointing
602,rugby
603,steep
604,gold
605,bucket
606,bald
607,blowing
608,sticks
609,paint
610,door
611,drinks
612,scooter
613,suits
614,tube
615,swimsuit
616,glass
617,volleyball
618,shot
619,flower
620,throw
621,sleeping
622,cow
623,hugging
624,corner
625,furry
626,wrestling
627,crossing
628,net
629,same
630,wrestle
631,points
632,hind
633,motorcyclist
634,cowboy
635,hangs
636,leg
637,leans
638,police
639,kissing
640,staring
641,attempting
642,spectators
643,lays
644,wading
645,sheep
646,few
647,attempts
648,bunch
649,party
650,teams
651,show
652,log
653,facing
654,below
655,puppies
656,snowboarding
657,close
658,cup
659,bicycles
660,desert
661,beige
662,hoop
663,garden
664,fenced
665,wide
666,african
667,underwater
668,way
669,sprinkler
670,sticking
671,softball
672,fish
673,gym
674,beautiful
675,fast
676,competition
677,gather
678,attached
679,eats
680,filled
681,racket
682,racetrack
683,phone
684,onlookers
685,end
686,poles
687,naked
688,waving
689,wings
690,which
691,dances
692,talks
693,rain
694,base
695,gravel
696,do
697,rolling
698,lit
699,empty
700,motocross
701,seat
702,clear
703,racer
704,seated
705,headband
706,prepares
707,hula
708,signs
709,neck
710,ladies
711,pushes
712,hits
713,mohawk
714,branch
715,wear
716,market
717,downhill
718,plaid
719,birds
720,bride
721,toys
722,round
723,heads
724,pavement
725,having
726,public
727,handstand
728,shop
729,platform
730,just
731,paddling
732,traffic
733,shoulder
734,rough
735,skateboards
736,among
737,scene
738,different
739,gloves
740,chewing
741,reads
742,school
743,bearded
744,beer
745,hose
746,rural
747,dirty
748,bars
749,urban
750,tie
751,thrown
752,landscape
753,barefoot
754,drives
755,kitchen
756,teeth
757,races
758,cream
759,balloon
760,carnival
761,bottom
762,foot
763,resting
764,cricket
765,before
766,tug
767,display
768,splash
769,goalie
770,painting
771,wait
772,waits
773,says
774,mother
775,rapids
776,lies
777,younger
778,paved
779,creek
780,carpet
781,plants
782,indoor
783,opposing
784,smoke
785,wedding
786,flight
787,match
788,headphones
789,lined
790,lap
791,fall
792,half
793,block
794,animals
795,showing
796,greyhounds
797,stadium
798,blows
799,skates
800,wrestler
801,pipe
802,moving
803,can
804,boats
805,gun
806,parked
807,onstage
808,santa
809,reaching
810,seen
811,video
812,foreground
813,art
814,third
815,chase
816,where
817,singing
818,mouths
819,war
820,talk
821,bandanna
822,lights
823,paddle
824,falls
825,instruments
826,runner
827,deck
828,atv
829,photograph
830,ear
831,motorbike
832,pulled
833,funny
834,curly
835,matching
836,helmets
837,wire
838,poodle
839,shooting
840,fly
841,outstretched
842,brightly
843,unicycle
844,fair
845,floating
846,reaches
847,audience
848,hay
849,spotted
850,staircase
851,try
852,christmas
853,newspaper
854,ropes
855,amusement
856,hitting
857,shakes
858,duck
859,hole
860,spray
861,preparing
862,bank
863,pack
864,shoulders
865,wheelie
866,retriever
867,raises
868,bubble
869,bushes
870,purse
871,teenagers
872,atop
873,giant
874,alongside
875,grinding
876,martial
877,country
878,hooded
879,follows
880,chain
881,terrain
882,skiers
883,stop
884,kite
885,pulls
886,hoops
887,formation
888,appears
889,plate
890,larger
891,muzzle
892,roller
893,finger
894,surfs
895,hikers
896,denim
897,alone
898,enjoys
899,jeep
900,hoodie
901,digging
902,music
903,rowing
904,balancing
905,putting
906,muzzled
907,covering
908,perform
909,rodeo
910,cold
911,picnic
912,shaggy
913,backwards
914,pier
915,shadow
916,row
917,station
918,kneeling
919,puts
920,parachute
921,indoors
922,gives
923,paddles
924,himself
925,spinning
926,giving
927,break
928,shows
929,bite
930,laughs
931,hang
932,backs
933,leap
934,handrail
935,jumped
936,writing
937,clouds
938,playfully
939,competing
940,necklace
941,pull
942,sniffing
943,cut
944,enjoying
945,licking
946,gate
947,counter
948,backpacks
949,owner
950,safety
951,riders
952,ladder
953,terrier
954,bites
955,fur
956,jungle
957,fetch
958,bikers
959,cloth
960,construction
961,skinned
962,underneath
963,made
964,violin
965,fingers
966,passing
967,basket
968,machine
969,tackle
970,mound
971,doorway
972,seven
973,crouches
974,hillside
975,these
976,coats
977,professional
978,mid
979,rollerblades
980,decorated
981,pigeons
982,taken
983,quickly
984,rink
985,sea
986,paws
987,computer
988,step
989,referee
990,friend
991,bowl
992,wheelchair
993,collie
994,splashed
995,ducks
996,military
997,kayaking
998,hot
999,straw
1000,trunk
1001,driver
1002,opposite
1003,camouflage
1004,waters
1005,barrier
1006,float
1007,bouncing
1008,balances
1009,rollerblading
1010,caught
1011,helps
1012,homeless
1013,skater
1014,cone
1015,spots
1016,lean
1017,balloons
1018,biking
1019,wagon
1020,landing
1021,streets
1022,without
1023,frame
1024,tracks
1025,peace
1026,bear
1027,mirror
1028,coffee
1029,dune
1030,karate
1031,shown
1032,string
1033,kiss
1034,screen
1035,tents
1036,heavy
1037,watched
1038,stroller
1039,home
1040,courtyard
1041,land
1042,clown
1043,walkway
1044,stump
1045,sooners
1046,chest
1047,laugh
1048,hug
1049,plane
1050,formal
1051,arts
1052,shaped
1053,blurry
1054,uses
1055,eat
1056,suspended
1057,direction
1058,reach
1059,makeup
1060,helping
1061,cardboard
1062,range
1063,rolls
1064,tattoo
1065,fetching
1066,motorcycles
1067,barking
1068,coaster
1069,medium
1070,speed
1071,drum
1072,sized
1073,climbers
1074,monkey
1075,frozen
1076,asleep
1077,begins
1078,jean
1079,rubber
1080,flowered
1081,bending
1082,see
1083,put
1084,kneels
1085,practicing
1086,petting
1087,dead
1088,blocks
1089,blow
1090,mountainside
1091,knit
1092,neon
1093,jogging
1094,cyclists
1095,touching
1096,miami
1097,eye
1098,happily
1099,but
1100,well
1101,headscarf
1102,crashing
1103,jerseys
1104,raised
1105,mountaintop
1106,sprayed
1107,cake
1108,balcony
1109,only
1110,tires
1111,turning
1112,shoreline
1113,bend
1114,dribbles
1115,surrounding
1116,indian
1117,pass
1118,crosses
1119,plain
1120,teenager
1121,leaving
1122,corn
1123,training
1124,grinds
1125,dusk
1126,airplane
1127,puck
1128,forward
1129,attire
1130,boxing
1131,overalls
1132,working
1133,rest
1134,curve
1135,bicyclists
1136,lots
1137,father
1138,curb
1139,lay
1140,hills
1141,snowball
1142,photographer
1143,boardwalk
1144,square
1145,almost
1146,waterskiing
1147,town
1148,action
1149,fake
1150,policeman
1151,coach
1152,tackled
1153,porch
1154,skirts
1155,comes
1156,lab
1157,patch
1158,grocery
1159,hugs
1160,wrestlers
1161,racquet
1162,valley
1163,friends
1164,golf
1165,closed
1166,cloudy
1167,kayaker
1168,pit
1169,smokes
1170,disc
1171,tail
1172,officer
1173,eastern
1174,pine
1175,rests
1176,themselves
1177,wrapped
1178,sport
1179,sides
1180,crouching
1181,jet
1182,muzzles
1183,sumo
1184,ahead
1185,free
1186,dives
1187,rainbow
1188,sculpture
1189,time
1190,flips
1191,candles
1192,towel
1193,lift
1194,moves
1195,following
1196,scuba
1197,ribbon
1198,image
1199,warm
1200,hike
1201,multicolored
1202,though
1203,cheerleaders
1204,part
1205,tricycle
1206,thumbs
1207,spread
1208,gathering
1209,strip
1210,groom
1211,members
1212,swimmer
1213,mat
1214,redheaded
1215,cones
1216,colors
1217,students
1218,class
1219,first
1220,barrel
1221,vehicles
1222,tattoos
1223,type
1224,beam
1225,wheeler
1226,cave
1227,leading
1228,passes
1229,knee
1230,vests
1231,scarves
1232,wine
1233,palm
1234,crosswalk
1235,surfers
1236,enjoy
1237,bow
1238,leads
1239,sandals
1240,turns
1241,kisses
1242,speaking
1243,wheeled
1244,patio
1245,merry
1246,dust
1247,sharp
1248,catcher
1249,chews
1250,multi
1251,topless
1252,fans
1253,kiddie
1254,soda
1255,silhouette
1256,move
1257,obama
1258,tiger
1259,fancy
1260,drums
1261,woodland
1262,brush
1263,spraying
1264,also
1265,scaling
1266,item
1267,happy
1268,marching
1269,apron
1270,shower
1271,help
1272,pirate
1273,not
1274,church
1275,seats
1276,sprinklers
1277,itself
1278,sofa
1279,foam
1280,cheek
1281,turned
1282,shoot
1283,sleeps
1284,living
1285,herself
1286,peak
1287,banner
1288,place
1289,crawls
1290,aged
1291,tutu
1292,bare
1293,touches
1294,listening
1295,center
1296,swan
1297,carry
1298,grab
1299,tables
1300,embrace
1301,protest
1302,hard
1303,played
1304,benches
1305,rug
1306,cover
1307,carriage
1308,agility
1309,stares
1310,rafting
1311,farm
1312,innertube
1313,foggy
1314,leashes
1315,sword
1316,snowsuit
1317,teen
1318,birthday
1319,what
1320,ridden
1321,pitbull
1322,chased
1323,circle
1324,case
1325,skull
1326,walls
1327,boogie
1328,protective
1329,tackling
1330,motion
1331,pitcher
1332,stomach
1333,japanese
1334,chinese
1335,huddle
1336,licks
1337,inline
1338,rollerblader
1339,beads
1340,various
1341,workers
1342,flops
1343,boulder
1344,print
1345,cafe
1346,railroad
1347,retrieving
1348,hallway
1349,pouring
1350,feeding
1351,picking
1352,neighborhood
1353,spiderman
1354,sings
1355,money
1356,device
1357,sheet
1358,geese
1359,pair
1360,pajamas
1361,icy
1362,single
1363,natural
1364,bowling
1365,alley
1366,rows
1367,work
1368,tulips
1369,oklahoma
1370,i
1371,you
1372,floats
1373,wind
1374,desk
1375,how
1376,sideways
1377,boxer
1378,compete
1379,flock
1380,skinny
1381,raising
1382,musicians
1383,thin
1384,ship
1385,followed
1386,fun
1387,markings
1388,silly
1389,chalk
1390,new
1391,partially
1392,scales
1393,stuck
1394,bounds
1395,narrow
1396,fabric
1397,teammate
1398,fishes
1399,headfirst
1400,bends
1401,crawling
1402,post
1403,so
1404,figure
1405,lips
1406,mostly
1407,wheels
1408,glove
1409,guard
1410,beneath
1411,sets
1412,cheerleader
1413,attempt
1414,runners
1415,bounce
1416,sleeved
1417,doberman
1418,brunette
1419,camel
1420,worker
1421,teal
1422,shoe
1423,emerges
1424,foliage
1425,athlete
1426,gallery
1427,lead
1428,concert
1429,shade
1430,lands
1431,bleachers
1432,lifts
1433,swimsuits
1434,barren
1435,photographs
1436,fruit
1437,camels
1438,eight
1439,treat
1440,pillow
1441,traveling
1442,caps
1443,pitch
1444,plant
1445,females
1446,monument
1447,touch
1448,floral
1449,amidst
1450,sheer
1451,meadow
1452,sniffs
1453,second
1454,polka
1455,starting
1456,casting
1457,breaking
1458,buckets
1459,hood
1460,van
1461,cape
1462,headed
1463,slightly
1464,chew
1465,autumn
1466,flipping
1467,style
1468,pale
1469,males
1470,bathroom
1471,distant
1472,tops
1473,robe
1474,deer
1475,daughter
1476,drive
1477,plaza
1478,sail
1479,racers
1480,houses
1481,rear
1482,cloud
1483,sneakers
1484,grabs
1485,been
1486,stripes
1487,officers
1488,speaks
1489,participate
1490,jockeys
1491,weather
1492,athletic
1493,tied
1494,relaxing
1495,advertisement
1496,luggage
1497,playpen
1498,khaki
1499,wakeboarding
1500,boarding
1501,jack
1502,gentleman
1503,buried
1504,bath
1505,festival
1506,bay
1507,bush
1508,campfire
1509,human
1510,candy
1511,electric
1512,approaching
1513,control
1514,binoculars
1515,roof
1516,masks
1517,infant
1518,helmeted
1519,whistle
1520,crossed
1521,chocolate
1522,grabbing
1523,tossing
1524,beagle
1525,space
1526,point
1527,robes
1528,appear
1529,crying
1530,bathtub
1531,push
1532,shovel
1533,straight
1534,hardhat
1535,driveway
1536,musical
1537,broken
1538,fireworks
1539,stairway
1540,stool
1541,instrument
1542,speeds
1543,bikinis
1544,midst
1545,jumper
1546,opponent
1547,retrieves
1548,shaved
1549,murky
1550,spins
1551,arena
1552,elephant
1553,sledding
1554,arcade
1555,leafy
1556,crane
1557,position
1558,skyline
1559,branches
1560,pet
1561,stair
1562,crouched
1563,business
1564,jewelry
1565,marked
1566,pigtails
1567,intersection
1568,reflection
1569,uphill
1570,stops
1571,still
1572,logs
1573,tri
1574,kayaks
1575,diver
1576,waist
1577,countryside
1578,dimly
1579,knees
1580,lines
1581,wakeboard
1582,dreadlocks
1583,uniformed
1584,tugging
1585,clad
1586,read
1587,stretching
1588,visible
1589,fountains
1590,booth
1591,multiple
1592,shoveling
1593,dusty
1594,link
1595,horizon
1596,photographed
1597,advertising
1598,kites
1599,cage
1600,strange
1601,follow
1602,horseback
1603,digs
1604,opens
1605,suv
1606,scenic
1607,flames
1608,stars
1609,jockey
1610,either
1611,ponytail
1612,bungee
1613,toddlers
1614,traditional
1615,mural
1616,meal
1617,pacifier
1618,belly
1619,flat
1620,numbered
1621,sparklers
1622,tripod
1623,tag
1624,artist
1625,club
1626,navy
1627,rowboat
1628,drawing
1629,barn
1630,snowmobile
1631,star
1632,pushed
1633,descending
1634,growling
1635,hiding
1636,waterskier
1637,museum
1638,swords
1639,far
1640,tosses
1641,checkered
1642,gestures
1643,trotting
1644,dot
1645,lounge
1646,opening
1647,spot
1648,balance
1649,cameras
1650,doors
1651,swimmers
1652,poodles
1653,pony
1654,toilet
1655,tv
1656,slip
1657,fisherman
1658,costumed
1659,bundled
1660,cows
1661,paw
1662,cast
1663,silhouetted
1664,pointed
1665,apple
1666,soft
1667,attack
1668,jogs
1669,gliding
1670,lane
1671,enclosed
1672,poster
1673,approaches
1674,rollerskating
1675,wig
1676,wild
1677,identical
1678,snowcapped
1679,mall
1680,handlebars
1681,sweaters
1682,cards
1683,dancer
1684,lighting
1685,excited
1686,firetruck
1687,aerial
1688,motorcyclists
1689,stretches
1690,performer
1691,camping
1692,hikes
1693,tub
1694,floaties
1695,oriental
1696,covers
1697,individuals
1698,ridge
1699,pathway
1700,summer
1701,underwear
1702,barks
1703,tropical
1704,reflective
1705,selling
1706,was
1707,marker
1708,shoots
1709,laptop
1710,items
1711,relaxes
1712,handles
1713,tattooed
1714,hardwood
1715,mom
1716,pedestrians
1717,snowboarders
1718,parka
1719,chicken
1720,tiny
1721,wand
1722,ran
1723,trainer
1724,hut
1725,umbrellas
1726,collars
1727,railings
1728,office
1729,soaked
1730,fuzzy
1731,goat
1732,flute
1733,weeds
1734,crown
1735,fan
1736,brother
1737,graffitied
1738,rally
1739,rings
1740,ribbons
1741,vendor
1742,stare
1743,trashcan
1744,nighttime
1745,tight
1746,pick
1747,wades
1748,batman
1749,army
1750,feather
1751,bee
1752,paints
1753,colourful
1754,dribbling
1755,carts
1756,babies
1757,husky
1758,power
1759,picks
1760,burning
1761,sing
1762,cooking
1763,helicopter
1764,clapping
1765,dropping
1766,skimpy
1767,color
1768,pen
1769,canoes
1770,squirted
1771,member
1772,multicolor
1773,incline
1774,sprays
1775,folding
1776,seaweed
1777,sporting
1778,stretched
1779,headdress
1780,stretch
1781,container
1782,bread
1783,leaf
1784,aqua
1785,casts
1786,flowery
1787,halloween
1788,works
1789,glider
1790,hurdles
1791,wade
1792,observes
1793,tricycles
1794,similar
1795,fireplace
1796,come
1797,sunlight
1798,injured
1799,footballer
1800,wakeboarder
1801,bounding
1802,pitching
1803,bunny
1804,leashed
1805,snake
1806,o
1807,pan
1808,windows
1809,beverage
1810,limb
1811,mess
1812,calm
1813,tights
1814,posts
1815,bouncy
1816,overhead
1817,drag
1818,skateboarders
1819,motor
1820,kicked
1821,floppy
1822,seagulls
1823,parasailing
1824,skies
1825,blocking
1826,studio
1827,bottles
1828,including
1829,cheer
1830,cushion
1831,bridesmaids
1832,sat
1833,boards
1834,descends
1835,handle
1836,heavily
1837,cannon
1838,fellow
1839,native
1840,facial
1841,choppy
1842,elaborate
1843,peeks
1844,own
1845,dish
1846,leotard
1847,carpeted
1848,dive
1849,bearing
1850,pauses
1851,strollers
1852,cans
1853,lacrosse
1854,hydrant
1855,vertical
1856,turquoise
1857,son
1858,overlooks
1859,tractor
1860,great
1861,mouse
1862,share
1863,fat
1864,canyon
1865,storm
1866,electronic
1867,canal
1868,whist
1869,lifting
1870,score
1871,watercraft
1872,rolled
1873,target
1874,returns
1875,uncut
1876,ends
1877,boxes
1878,furniture
1879,mug
1880,garage
1881,chickens
1882,quarterback
1883,checking
1884,sidelines
1885,official
1886,attention
1887,papers
1888,hospital
1889,practices
1890,nice
1891,pot
1892,lifted
1893,backstroke
1894,european
1895,tile
1896,logo
1897,carried
1898,sort
1899,belongings
1900,religious
1901,accordion
1902,tightrope
1903,roll
1904,stove
1905,youth
1906,owners
1907,pumpkins
1908,progress
1909,nap
1910,noses
1911,university
1912,mans
1913,saying
1914,everywhere
1915,patterned
1916,artificial
1917,bone
1918,examine
1919,ambulance
1920,alike
1921,marathon
1922,warmly
1923,blurred
1924,college
1925,snowboards
1926,billboard
1927,sprints
1928,operating
1929,bigger
1930,clowns
1931,pizza
1932,bent
1933,darkened
1934,library
1935,tuxedos
1936,shed
1937,zip
1938,mini
1939,parallel
1940,photos
1941,trophy
1942,firing
1943,heels
1944,cats
1945,love
1946,punching
1947,flannel
1948,backpacker
1949,shops
1950,driven
1951,rag
1952,pours
1953,bottoms
1954,within
1955,dangling
1956,cheering
1957,singer
1958,give
1959,harnesses
1960,things
1961,nan
1962,boston
1963,television
1964,trots
1965,tiled
1966,gown
1967,telephone
1968,transportation
1969,industrial
1970,doll
1971,robot
1972,interesting
1973,ninja
1974,sleeve
1975,muscular
1976,bowls
1977,socks
1978,overpass
1979,lower
1980,hound
1981,garbage
1982,directions
1983,skeleton
1984,plank
1985,trash
1986,joy
1987,scenery
1988,ballet
1989,snowbank
1990,st
1991,spider
1992,rocket
1993,frolics
1994,pads
1995,squatting
1996,skiiers
1997,aiming
1998,bagpipes
1999,eyed
2000,dragging
2001,checks
2002,labrador
2003,asking
2004,juggling
2005,pad
2006,potato
2007,movie
2008,tackles
2009,polo
2010,marble
2011,peeking
2012,obstacles
2013,fencing
2014,shirted
2015,bound
2016,sailboat
2017,celebrating
2018,bulldog
2019,yawning
2020,retrieve
2021,numbers
2022,border
2023,forested
2024,asphalt
2025,pretending
2026,horizontal
2027,cute
2028,suburban
2029,guns
2030,chopsticks
2031,yelling
2032,juice
2033,mobile
2034,placed
2035,folded
2036,jumpsuit
2037,amongst
2038,cob
2039,start
2040,meet
2041,stall
2042,launches
2043,dried
2044,sponsored
2045,skaters
2046,evening
2047,windsurfer
2048,raincoat
2049,strapped
2050,plates
2051,sleds
2052,dancers
2053,marsh
2054,bears
2055,padded
2056,beak
2057,chunk
2058,performance
2059,theater
2060,characters
2061,crashes
2062,guarding
2063,squirrel
2064,cobblestone
2065,mustache
2066,breed
2067,guitars
2068,interacting
2069,mountainous
2070,travels
2071,backdrop
2072,sleeveless
2073,security
2074,splits
2075,tourists
2076,dandelion
2077,popping
2078,cups
2079,dinner
2080,books
2081,emerging
2082,extreme
2083,pug
2084,broom
2085,tossed
2086,garb
2087,gymnast
2088,squirting
2089,piano
2090,knife
2091,stones
2092,pinata
2093,hilly
2094,jogger
2095,parents
2096,badminton
2097,belt
2098,ticket
2099,herding
2100,sister
2101,participating
2102,button
2103,hall
2104,highway
2105,extended
2106,handed
2107,raise
2108,bicycler
2109,practice
2110,expression
2111,magazines
2112,ramps
2113,batter
2114,guitarist
2115,lush
2116,newborn
2117,starring
2118,feathered
2119,embracing
2120,trumpet
2121,florida
2122,sucking
2123,containing
2124,circuit
2125,straps
2126,teddy
2127,stepping
2128,serve
2129,stripe
2130,york
2131,cutting
2132,purses
2133,heart
2134,gas
2135,cartwheel
2136,exhibit
2137,apples
2138,medieval
2139,cycling
2140,couples
2141,towed
2142,fairy
2143,submerged
2144,claus
2145,coloring
2146,cries
2147,fetches
2148,earrings
2149,peers
2150,ceiling
2151,statues
2152,tussle
2153,pounces
2154,pets
2155,drummer
2156,unusual
2157,monster
2158,use
2159,listens
2160,distorted
2161,tape
2162,trains
2163,hotel
2164,chip
2165,romp
2166,written
2167,act
2168,kilt
2169,residential
2170,kayakers
2171,stores
2172,milk
2173,port
2174,march
2175,examining
2176,patches
2177,magazine
2178,fashioned
2179,steering
2180,enter
2181,flapping
2182,policemen
2183,reflecting
2184,telescope
2185,watermelon
2186,trucks
2187,chin
2188,cleaning
2189,village
2190,kitten
2191,pyramid
2192,snack
2193,horns
2194,hawaiian
2195,too
2196,clings
2197,backlit
2198,vine
2199,marketplace
2200,creating
2201,escalator
2202,reddish
2203,serious
2204,dalmation
2205,eagle
2206,passengers
2207,maroon
2208,blocked
2209,strewn
2210,bounces
2211,beanie
2212,domino
2213,feathers
2214,shovels
2215,hi
2216,clothed
2217,words
2218,printed
2219,cowboys
2220,seashore
2221,camo
2222,paperwork
2223,boxers
2224,musician
2225,sailing
2226,amid
2227,skips
2228,dragon
2229,rack
2230,rusty
2231,disk
2232,ascending
2233,seattle
2234,potted
2235,campsite
2236,rod
2237,located
2238,ditch
2239,tarp
2240,starts
2241,bagpipe
2242,sharing
2243,bucking
2244,sacks
2245,clearing
2246,pokes
2247,surprised
2248,baseman
2249,performers
2250,legged
2251,handing
2252,tracksuit
2253,framed
2254,teens
2255,droplets
2256,tray
2257,machines
2258,squirt
2259,twin
2260,spoon
2261,thick
2262,portrait
2263,unseen
2264,order
2265,hello
2266,kitty
2267,puffy
2268,check
2269,firefighter
2270,airport
2271,shades
2272,league
2273,attacking
2274,shephard
2275,awning
2276,steers
2277,overhang
2278,necked
2279,canoeing
2280,beginning
2281,seagull
2282,mickey
2283,boarder
2284,gymnasium
2285,gymnastics
2286,colorfully
2287,juggles
2288,bookstore
2289,toss
2290,galloping
2291,resort
2292,castle
2293,wheelbarrow
2294,ankle
2295,lining
2296,somthing
2297,storefront
2298,batting
2299,corgi
2300,trench
2301,slalom
2302,ceremony
2303,bale
2304,packed
2305,outcropping
2306,sleeves
2307,haircut
2308,material
2309,superman
2310,travel
2311,butt
2312,hides
2313,upward
2314,struggle
2315,meeting
2316,bitten
2317,hopping
2318,sparkler
2319,spout
2320,tongues
2321,sad
2322,good
2323,outstreached
2324,site
2325,turkeys
2326,priest
2327,chubby
2328,homemade
2329,speeding
2330,really
2331,pointy
2332,rails
2333,trailing
2334,crossbones
2335,overweight
2336,hell
2337,lasso
2338,digital
2339,striking
2340,cop
2341,challenging
2342,pumpkin
2343,seating
2344,pretend
2345,motorbikes
2346,festive
2347,cliffs
2348,peach
2349,fist
2350,elevator
2351,soaring
2352,parasails
2353,enclosure
2354,carving
2355,bridal
2356,cable
2357,dachshund
2358,playful
2359,chainsaw
2360,melting
2361,butterfly
2362,beret
2363,participates
2364,teaching
2365,slopes
2366,viz
2367,jar
2368,banners
2369,carrier
2370,peaks
2371,backpacking
2372,bin
2373,pieces
2374,community
2375,writes
2376,soaking
2377,test
2378,buy
2379,bouquet
2380,smelling
2381,ten
2382,lipstick
2383,flaming
2384,soldier
2385,treads
2386,crash
2387,cigarettes
2388,expressions
2389,formally
2390,observing
2391,grins
2392,speak
2393,thumb
2394,french
2395,fairground
2396,record
2397,deflated
2398,bug
2399,interact
2400,oar
2401,evil
2402,baskets
2403,jagged
2404,gathers
2405,pop
2406,recently
2407,parasail
2408,handbag
2409,stunts
2410,tee
2411,dollar
2412,rival
2413,athletes
2414,checked
2415,letters
2416,pattern
2417,parachuting
2418,forehead
2419,pail
2420,brindle
2421,rescue
2422,tags
2423,clean
2424,watery
2425,themed
2426,begging
2427,sale
2428,lunges
2429,overlook
2430,rafts
2431,quad
2432,seeds
2433,greenery
2434,dolphin
2435,pretty
2436,motorized
2437,size
2438,misty
2439,upper
2440,breaks
2441,earphones
2442,hamburgers
2443,fields
2444,swampy
2445,lens
2446,we
2447,apartment
2448,tools
2449,craft
2450,camp
2451,bracelet
2452,shrubs
2453,profile
2454,pierced
2455,form
2456,trails
2457,rocking
2458,scantily
2459,world
2460,soars
2461,makeshift
2462,snowman
2463,canvas
2464,prepare
2465,wilderness
2466,harbor
2467,fog
2468,morning
2469,watermelons
2470,easter
2471,backward
2472,individual
2473,dolphins
2474,numerous
2475,cameraman
2476,dumps
2477,liquid
2478,strings
2479,confetti
2480,sell
2481,built
2482,change
2483,rubs
2484,blindfolded
2485,mountaineer
2486,rottweiler
2487,nature
2488,keep
2489,cheers
2490,mascot
2491,contest
2492,exercise
2493,apart
2494,cords
2495,flipped
2496,messy
2497,bark
2498,except
2499,creature
2500,if
2501,stripped
2502,frying
2503,diaper
2504,bowler
2505,union
2506,drenched
2507,insect
2508,squirts
2509,booths
2510,much
2511,lime
2512,navigates
2513,celebrate
2514,saddle
2515,collide
2516,cutout
2517,eyebrows
2518,halter
2519,squats
2520,conversation
2521,suited
2522,buggy
2523,calf
2524,twisting
2525,ferry
2526,tumbling
2527,footballers
2528,maneuvers
2529,pro
2530,goose
2531,song
2532,gnawing
2533,waterfalls
2534,piggy
2535,location
2536,self
2537,windsurfing
2538,computers
2539,complete
2540,strap
2541,dunes
2542,series
2543,shiny
2544,classic
2545,defending
2546,card
2547,toe
2548,tournament
2549,battle
2550,hairy
2551,twirling
2552,entrance
2553,diner
2554,caution
2555,teaches
2556,filling
2557,tutus
2558,canopy
2559,braids
2560,sidecar
2561,flaps
2562,pops
2563,kangaroo
2564,gazes
2565,newspapers
2566,gazing
2567,dyed
2568,dunking
2569,gondola
2570,dj
2571,paintball
2572,circular
2573,called
2574,map
2575,spotlight
2576,graduation
2577,swans
2578,whose
2579,greenhouse
2580,afternoon
2581,ollie
2582,lockers
2583,sparring
2584,michael
2585,jackson
2586,cartwheels
2587,sails
2588,carefully
2589,cheeks
2590,posed
2591,lamp
2592,beyond
2593,used
2594,repels
2595,tails
2596,armenian
2597,genocide
2598,hooping
2599,bathrobe
2600,screams
2601,glacier
2602,summit
2603,feeds
2604,hear
2605,skyscraper
2606,offering
2607,shining
2608,fireman
2609,goats
2610,earring
2611,struggles
2612,drain
2613,finish
2614,waterway
2615,perched
2616,formations
2617,bib
2618,tool
2619,wrestles
2620,gesture
2621,mossy
2622,stuff
2623,goofy
2624,rainy
2625,jesus
2626,surfboarder
2627,crowds
2628,curtain
2629,dim
2630,fencers
2631,shines
2632,glides
2633,pelican
2634,playhouse
2635,terriers
2636,presentation
2637,posters
2638,bumpy
2639,cellphones
2640,smooth
2641,moustache
2642,int
2643,camcorder
2644,stoop
2645,drilling
2646,worn
2647,moon
2648,closes
2649,pairs
2650,aims
2651,aid
2652,saxophone
2653,active
2654,intently
2655,wrapping
2656,strips
2657,shawl
2658,more
2659,upon
2660,current
2661,tethered
2662,punk
2663,waterski
2664,breeds
2665,hops
2666,partly
2667,devil
2668,corndogs
2669,cowgirl
2670,columns
2671,threw
2672,parachutes
2673,ridding
2674,trip
2675,lease
2676,pasture
2677,crocodile
2678,docked
2679,unhappy
2680,saber
2681,stained
2682,sunshade
2683,pasta
2684,plushie
2685,somebody
2686,nude
2687,beaded
2688,island
2689,scratches
2690,bringing
2691,engine
2692,angels
2693,product
2694,harnessed
2695,wicker
2696,overcoat
2697,irish
2698,mittens
2699,hopscotch
2700,windsurfs
2701,roadway
2702,defenders
2703,possession
2704,concerned
2705,pillar
2706,equestrian
2707,avoid
2708,tow
2709,mean
2710,bows
2711,misses
2712,batsman
2713,observed
2714,massage
2715,spring
2716,cane
2717,rounds
2718,reception
2719,chains
2720,footprints
2721,capes
2722,oversized
2723,downtown
2724,abandoned
2725,pooh
2726,herd
2727,powder
2728,nails
2729,bulls
2730,column
2731,coverings
2732,nearly
2733,becomes
2734,displays
2735,crystal
2736,lip
2737,wires
2738,strawberry
2739,guide
2740,unfinished
2741,huddled
2742,hips
2743,products
2744,scratching
2745,when
2746,acting
2747,sewing
2748,explosion
2749,viewer
2750,incoming
2751,tips
2752,cheerleading
2753,jeeps
2754,stools
2755,casual
2756,scary
2757,wolf
2758,necklaces
2759,gymnastic
2760,shadows
2761,winding
2762,chatting
2763,fashion
2764,period
2765,tiara
2766,coal
2767,signal
2768,kind
2769,whom
2770,snowing
2771,parent
2772,bit
2773,floors
2774,dunks
2775,hovering
2776,freshly
2777,cigars
2778,marx
2779,games
2780,model
2781,paying
2782,mouthed
2783,pain
2784,speedo
2785,dots
2786,ties
2787,main
2788,vault
2789,washington
2790,sash
2791,special
2792,interested
2793,limousine
2794,combat
2795,refrigerator
2796,sling
2797,sailor
2798,somersault
2799,miniature
2800,rubbing
2801,merchandise
2802,inspecting
2803,relax
2804,had
2805,instructor
2806,upturned
2807,legos
2808,peanut
2809,butter
2810,lambs
2811,moment
2812,campus
2813,films
2814,boa
2815,geyser
2816,upraised
2817,artists
2818,streaks
2819,support
2820,beers
2821,learning
2822,chess
2823,ornate
2824,litter
2825,eggs
2826,seal
2827,interviews
2828,connected
2829,snap
2830,frames
2831,displaying
2832,handgun
2833,loading
2834,objects
2835,mitt
2836,winds
2837,maneuver
2838,waiter
2839,congregate
2840,award
2841,clears
2842,wakeboards
2843,pitches
2844,medals
2845,sound
2846,carring
2847,unique
2848,mexican
2849,twilight
2850,milkshake
2851,parlor
2852,scruffy
2853,double
2854,jog
2855,podium
2856,pedestrian
2857,presents
2858,pirates
2859,offers
2860,traverses
2861,return
2862,than
2863,inflated
2864,tinkerbell
2865,focus
2866,atm
2867,bricks
2868,guiding
2869,piercing
2870,snarling
2871,guards
2872,jacked
2873,surfboards
2874,height
2875,heading
2876,brownish
2877,adjusting
2878,igloo
2879,runway
2880,pumps
2881,british
2882,structures
2883,leafless
2884,headset
2885,massive
2886,jetty
2887,keeps
2888,sundress
2889,rabbit
2890,paintings
2891,suspenders
2892,kneel
2893,punches
2894,mats
2895,waterfront
2896,protection
2897,cookie
2898,drops
2899,clover
2900,flowing
2901,inground
2902,squeezing
2903,screaming
2904,pulley
2905,stopped
2906,acrobatic
2907,split
2908,breath
2909,watering
2910,croquet
2911,bales
2912,candle
2913,prey
2914,leggings
2915,derby
2916,sledge
2917,pursued
2918,conversing
2919,teacher
2920,higher
2921,pugs
2922,monitor
2923,strike
2924,dining
2925,elegant
2926,sheets
2927,laid
2928,dalmatian
2929,lion
2930,observe
2931,photographers
2932,alleyway
2933,hawk
2934,sheltie
2935,fell
2936,placing
2937,lanterns
2938,rv
2939,frog
2940,mist
2941,upset
2942,collared
2943,woven
2944,wake
2945,modern
2946,closely
2947,underground
2948,clinging
2949,plush
2950,real
2951,bedroom
2952,converse
2953,pig
2954,bluff
2955,gloved
2956,zoo
2957,gated
2958,poking
2959,arch
2960,extends
2961,spiky
2962,decorative
2963,groomsmen
2964,dad
2965,victory
2966,scooters
2967,chairlift
2968,earth
2969,shelter
2970,sells
2971,lunch
2972,n
2973,snowmobiles
2974,aim
2975,snows
2976,drawn
2977,serving
2978,arched
2979,dappled
2980,huts
2981,swung
2982,lie
2983,pharmacy
2984,tide
2985,liberty
2986,peaking
2987,corridor
2988,rifle
2989,kart
2990,ancient
2991,ascends
2992,dragged
2993,route
2994,centipede
2995,russell
2996,presses
2997,ravine
2998,beat
2999,floored
3000,twirls
3001,mark
3002,para
3003,brushes
3004,shaded
3005,times
3006,newly
3007,spiral
3008,hairstyle
3009,join
3010,slipper
3011,department
3012,carying
3013,cargo
3014,spigot
3015,barbed
3016,fresh
3017,boulders
3018,pajama
3019,touched
3020,icicle
3021,bernard
3022,passed
3023,peering
3024,arrow
3025,jug
3026,odd
3027,brooms
3028,louis
3029,vuitton
3030,repelling
3031,propped
3032,mixing
3033,riverbank
3034,barefooted
3035,fleece
3036,film
3037,toboggan
3038,monk
3039,praying
3040,hung
3041,diapers
3042,huskies
3043,those
3044,opponents
3045,coaching
3046,brothers
3047,walked
3048,moss
3049,archway
3050,masked
3051,artwork
3052,rises
3053,sink
3054,rowers
3055,ok
3056,chaps
3057,wildflowers
3058,greet
3059,sunrise
3060,cutouts
3061,letter
3062,props
3063,elevation
3064,scottish
3065,scrambling
3066,casually
3067,master
3068,receives
3069,capped
3070,conversations
3071,executes
3072,loop
3073,cotton
3074,tabby
3075,sparkling
3076,popsicle
3077,suitcase
3078,missing
3079,groups
3080,terrace
3081,winnie
3082,streamers
3083,noodle
3084,gigolo
3085,assistance
3086,chested
3087,ollies
3088,howling
3089,gesturing
3090,depicting
3091,parasailer
3092,skipping
3093,searching
3094,dig
3095,diners
3096,theme
3097,feild
3098,demonstrating
3099,spar
3100,barricade
3101,rooftop
3102,videotaped
3103,lollipop
3104,sniff
3105,curiously
3106,launch
3107,completely
3108,barely
3109,shrine
3110,sparks
3111,entering
3112,lioness
3113,sundown
3114,united
3115,states
3116,wielding
3117,piles
3118,curious
3119,bodies
3120,mesh
3121,elder
3122,slacks
3123,whispering
3124,saris
3125,vending
3126,raceway
3127,protesters
3128,picket
3129,veil
3130,hugged
3131,alligator
3132,fit
3133,build
3134,struggling
3135,steam
3136,spreading
3137,condoms
3138,elephants
3139,groucho
3140,nine
3141,acoustic
3142,curvy
3143,gift
3144,burn
3145,rafters
3146,washes
3147,uno
3148,cigar
3149,blindfolds
3150,admires
3151,competitive
3152,squat
3153,pouncing
3154,sizes
3155,standard
3156,fatigues
3157,wintry
3158,wristbands
3159,nips
3160,bedspread
3161,salon
3162,prize
3163,taxi
3164,figures
3165,admire
3166,embraces
3167,desks
3168,buses
3169,story
3170,torn
3171,records
3172,skatepark
3173,seesaw
3174,celebrates
3175,mets
3176,flowering
3177,dummy
3178,bananas
3179,steer
3180,einstein
3181,velvet
3182,rollerskates
3183,local
3184,surround
3185,tagged
3186,involving
3187,waterskies
3188,yoga
3189,sweatshirts
3190,piled
3191,nurses
3192,hummingbird
3193,workout
3194,swoops
3195,stack
3196,seems
3197,clay
3198,mechanical
3199,shots
3200,ad
3201,goatee
3202,shoppers
3203,suds
3204,wigs
3205,navigating
3206,unknown
3207,billowing
3208,tuxedo
3209,littered
3210,rounding
3211,washing
3212,belts
3213,will
3214,grown
3215,marks
3216,puppet
3217,feed
3218,quilt
3219,advertisements
3220,admiring
3221,fights
3222,cracked
3223,directs
3224,laptops
3225,retreiver
3226,battles
3227,ejected
3228,beauty
3229,call
3230,sequined
3231,ballerinas
3232,walker
3233,cracker
3234,portable
3235,toilets
3236,floatation
3237,meter
3238,blankets
3239,pinned
3240,crevasse
3241,cabin
3242,corners
3243,nightclub
3244,streaked
3245,casino
3246,bared
3247,auditorium
3248,notes
3249,faded
3250,unison
3251,tap
3252,led
3253,pretends
3254,controller
3255,places
3256,embankment
3257,drift
3258,reached
3259,hammer
3260,trailer
3261,cry
3262,flooded
3263,fences
3264,banks
3265,patiently
3266,curled
3267,garter
3268,crab
3269,overturned
3270,engage
3271,looked
3272,chained
3273,waterskis
3274,socializing
3275,bamboo
3276,hip
3277,cuts
3278,faucet
3279,countertop
3280,rifles
3281,bonnets
3282,sheepdog
3283,brings
3284,flings
3285,canon
3286,marches
3287,potty
3288,baring
3289,ruins
3290,poised
3291,early
3292,vaulting
3293,note
3294,crate
3295,awards
3296,attractive
3297,frisbees
3298,roadside
3299,exercises
3300,balck
3301,returning
3302,prizes
3303,lack
3304,turtle
3305,astride
3306,steel
3307,produce
3308,obscured
3309,greenish
3310,nears
3311,cash
3312,register
3313,routine
3314,rushes
3315,wipes
3316,political
3317,brides
3318,gowns
3319,flyer
3320,whales
3321,bandaged
3322,us
3323,smartly
3324,incense
3325,defends
3326,frowning
3327,pillows
3328,limo
3329,sleigh
3330,arab
3331,electrical
3332,waterside
3333,manicured
3334,bares
3335,classroom
3336,hovers
3337,china
3338,siting
3339,dumpster
3340,wetsuits
3341,spreads
3342,alert
3343,lobby
3344,turbans
3345,stay
3346,tea
3347,upwards
3348,charging
3349,winner
3350,rise
3351,sponge
3352,dandelions
3353,causing
3354,curved
3355,recording
3356,hopper
3357,balanced
3358,chef
3359,spaniel
3360,most
3361,impeach
3362,chat
3363,lounging
3364,displayed
3365,needle
3366,company
3367,nike
3368,baton
3369,donkeys
3370,shine
3371,horseshoes
3372,barriers
3373,vegetation
3374,markers
3375,whitewater
3376,pickup
3377,teammates
3378,climbed
3379,supplies
3380,file
3381,spiked
3382,sooner
3383,reeds
3384,grinning
3385,tilted
3386,shady
3387,puddles
3388,trim
3389,stripy
3390,heron
3391,saw
3392,bluejeans
3393,blacktop
3394,soap
3395,shapes
3396,shallows
3397,directly
3398,balding
3399,contents
3400,approach
3401,begin
3402,battling
3403,leave
3404,dramatically
3405,assisting
3406,australian
3407,rushing
3408,flamboyant
3409,atvs
3410,reflections
3411,renaissance
3412,attraction
3413,goth
3414,demonstrates
3415,peek
3416,plains
3417,sippy
3418,boot
3419,lobster
3420,lizards
3421,exiting
3422,varying
3423,facepaint
3424,leafs
3425,cooling
3426,showering
3427,facility
3428,fighter
3429,paraglider
3430,remote
3431,vacant
3432,beds
3433,reindeer
3434,happening
3435,identically
3436,rugged
3437,crib
3438,topped
3439,springs
3440,burlap
3441,prevent
3442,crevice
3443,messily
3444,extremely
3445,tandem
3446,retrievers
3447,chewed
3448,guided
3449,fort
3450,muscle
3451,establishment
3452,phones
3453,burgundy
3454,oxford
3455,abseiling
3456,rappelling
3457,lassie
3458,donkey
3459,penguins
3460,pebbles
3461,mix
3462,saxophones
3463,ragged
3464,prairie
3465,were
3466,dalmatians
3467,growls
3468,setter
3469,tired
3470,dotted
3471,buddha
3472,elevated
3473,electronics
3474,tackler
3475,onward
3476,officials
3477,blues
3478,tower
3479,submerges
3480,iron
3481,housing
3482,streaming
3483,roses
3484,toothbrush
3485,photographing
3486,strapless
3487,soldiers
3488,cluster
3489,overhanging
3490,wrap
3491,collects
3492,hopes
3493,grilling
3494,opened
3495,youn
3496,sack
3497,flung
3498,pre
3499,serves
3500,energizer
3501,stride
3502,finished
3503,parrot
3504,purchase
3505,cookies
3506,tooth
3507,leapfrog
3508,redbull
3509,judge
3510,sunbathe
3511,nursing
3512,vintage
3513,spilled
3514,hearts
3515,mime
3516,completing
3517,sparse
3518,highland
3519,nuzzling
3520,sari
3521,drivers
3522,zara
3523,present
3524,kept
3525,sandal
3526,tangled
3527,skydivers
3528,yawns
3529,boundary
3530,web
3531,cam
3532,flinging
3533,sprint
3534,blown
3535,grasses
3536,fed
3537,rover
3538,gates
3539,obedience
3540,mattress
3541,videotaping
3542,kennel
3543,restaraunt
3544,shocked
3545,ponchos
3546,rocker
3547,marina
3548,firefighters
3549,raced
3550,foamy
3551,bunk
3552,pigeon
3553,minivan
3554,doghouse
3555,spell
3556,handicapped
3557,solitary
3558,colliding
3559,rush
3560,zombie
3561,cricketer
3562,supporter
3563,potties
3564,mop
3565,crank
3566,microphones
3567,lecture
3568,mambo
3569,apparatus
3570,horn
3571,punch
3572,prisoner
3573,thorugh
3574,applying
3575,purchasing
3576,ethnic
3577,speckled
3578,super
3579,packages
3580,hurrying
3581,daytime
3582,dresser
3583,frolic
3584,rollerskater
3585,twig
3586,falcon
3587,rodent
3588,goalkeeper
3589,darker
3590,transit
3591,clause
3592,images
3593,mowed
3594,sunsets
3595,spandex
3596,engulfed
3597,defensive
3598,browses
3599,crumbling
3600,else
3601,licked
3602,memorial
3603,spanish
3604,wife
3605,married
3606,flooring
3607,d
3608,royal
3609,carves
3610,travelling
3611,musher
3612,interviewed
3613,created
3614,ignoring
3615,winning
3616,radio
3617,stacks
3618,cook
3619,smock
3620,squares
3621,god
3622,labradoodle
3623,ages
3624,slab
3625,dew
3626,tunic
3627,kimono
3628,language
3629,llama
3630,tussling
3631,treks
3632,tugboat
3633,investigate
3634,blood
3635,laden
3636,bathe
3637,whit
3638,passerby
3639,ipod
3640,sprinting
3641,america
3642,clutching
3643,scrubby
3644,penske
3645,matador
3646,raging
3647,blossoms
3648,care
3649,dodges
3650,closing
3651,dragsters
3652,paperback
3653,drill
3654,oxen
3655,rollerbladers
3656,warehouse
3657,draft
3658,wraps
3659,panting
3660,youngsters
3661,mingle
3662,similarly
3663,environment
3664,law
3665,owl
3666,india
3667,accompanied
3668,biplane
3669,cycle
3670,pedals
3671,upright
3672,comic
3673,menus
3674,junk
3675,flailing
3676,swooping
3677,olympics
3678,say
3679,amused
3680,vegetables
3681,motorboat
3682,collection
3683,spikes
3684,hunched
3685,loaded
3686,ornamental
3687,cliffside
3688,shack
3689,washed
3690,shrubbery
3691,panel
3692,spin
3693,mardi
3694,sox
3695,gras
3696,pride
3697,region
3698,emitting
3699,badge
3700,filmed
3701,bill
3702,camper
3703,ink
3704,dinosaur
3705,gull
3706,symbol
3707,revealing
3708,trekking
3709,sloping
3710,winking
3711,farmers
3712,sveral
3713,breeze
3714,sorts
3715,straddles
3716,wasteland
3717,missed
3718,labeled
3719,polaris
3720,rods
3721,blossoming
3722,wrinkled
3723,billboards
3724,locking
3725,prancing
3726,trade
3727,poem
3728,bodyboard
3729,straining
3730,oars
3731,safely
3732,backgroud
3733,stony
3734,occupied
3735,leaped
3736,yorkie
3737,tattered
3738,bounced
3739,livestock
3740,confused
3741,grasps
3742,fingerpaints
3743,pedaling
3744,dug
3745,expanse
3746,dogsled
3747,kissed
3748,crocs
3749,squeeze
3750,mannequins
3751,fives
3752,lemonade
3753,hide
3754,strikes
3755,gaze
3756,landed
3757,cooks
3758,examines
3759,vw
3760,done
3761,blazing
3762,ringing
3763,beachgoers
3764,waring
3765,basketballs
3766,damaged
3767,laps
3768,determined
3769,mock
3770,got
3771,winks
3772,customer
3773,because
3774,cramped
3775,forefront
3776,sweat
3777,perspective
3778,western
3779,spotters
3780,horseshoe
3781,segway
3782,dane
3783,devices
3784,armbands
3785,shelves
3786,colander
3787,lighthouse
3788,tiles
3789,smeared
3790,noodles
3791,shake
3792,basset
3793,loose
3794,dinghy
3795,carved
3796,rundown
3797,bills
3798,awaiting
3799,shoeless
3800,effort
3801,roughly
3802,extravagant
3803,adorned
3804,afghan
3805,specialized
3806,hummer
3807,flop
3808,glow
3809,waking
3810,wharf
3811,drapped
3812,hooking
3813,awkwardly
3814,gap
3815,tugs
3816,grin
3817,firemen
3818,mingling
3819,kicker
3820,exhaust
3821,fiery
3822,sees
3823,escape
3824,pedal
3825,decoration
3826,shell
3827,passenger
3828,draw
3829,touchdown
3830,protect
3831,amish
3832,personnel
3833,claps
3834,skin
3835,prom
3836,conference
3837,rubble
3838,wrecked
3839,humping
3840,rimmed
3841,turban
3842,railed
3843,priests
3844,toast
3845,peaceful
3846,copper
3847,slam
3848,egret
3849,muslim
3850,decorations
3851,search
3852,wiping
3853,melted
3854,vast
3855,shouting
3856,demonstration
3857,afro
3858,cots
3859,oppose
3860,bands
3861,turkey
3862,tickets
3863,fangs
3864,africans
3865,persons
3866,intense
3867,arabian
3868,locked
3869,dye
3870,keeper
3871,visor
3872,headlights
3873,wrists
3874,oregon
3875,reacts
3876,meat
3877,earpiece
3878,stroll
3879,quietly
3880,recorder
3881,fries
3882,aquarium
3883,bout
3884,marking
3885,pins
3886,intertube
3887,bases
3888,ballplayer
3889,favorite
3890,novelty
3891,crests
3892,non
3893,engaged
3894,skills
3895,applies
3896,tether
3897,feature
3898,sunshine
3899,carton
3900,otherwise
3901,encouraging
3902,lavender
3903,wheat
3904,paddled
3905,trimmed
3906,nipple
3907,piercings
3908,weird
3909,chili
3910,cardigan
3911,ornament
3912,basement
3913,buying
3914,late
3915,tourist
3916,gyro
3917,speaker
3918,bushy
3919,sight
3920,pebble
3921,barrels
3922,frolicking
3923,sucks
3924,length
3925,leaned
3926,labs
3927,assist
3928,iced
3929,dome
3930,samples
3931,crouch
3932,views
3933,squinting
3934,overgrown
3935,seem
3936,source
3937,parachutist
3938,foothills
3939,groceries
3940,shadowed
3941,activity
3942,greyish
3943,tubing
3944,spaghetti
3945,crack
3946,contraption
3947,mounds
3948,sipping
3949,dove
3950,pocket
3951,wheelers
3952,removing
3953,windy
3954,fedora
3955,americans
3956,lolly
3957,speech
3958,inspects
3959,sandbox
3960,protects
3961,henna
3962,hundreds
3963,descent
3964,zigzag
3965,secured
3966,herds
3967,tip
3968,churning
3969,angle
3970,scuffle
3971,keeping
3972,chops
3973,desolate
3974,fill
3975,safari
3976,piggyback
3977,scared
3978,cheered
3979,kimonos
3980,aisle
3981,protesting
3982,nets
3983,cobbled
3984,headscarfs
3985,draped
3986,keyboard
3987,umpire
3988,menu
3989,torso
3990,thatched
3991,railway
3992,offstage
3993,easel
3994,sloped
3995,lagoon
3996,mountaineers
3997,retaining
3998,fixing
3999,lodge
4000,shelf
4001,dunk
4002,signing
4003,chalkboard
4004,name
4005,mixed
4006,clap
4007,fires
4008,supports
4009,jukebox
4010,beating
4011,bass
4012,fighters
4013,heard
4014,tour
4015,served
4016,chats
4017,beverages
4018,fully
4019,donut
4020,campground
4021,scouts
4022,nibbling
4023,substance
4024,dumbbell
4025,bats
4026,backed
4027,find
4028,carousel
4029,laundry
4030,ultimate
4031,hollywood
4032,coated
4033,quarter
4034,downward
4035,everyone
4036,messenger
4037,phrase
4038,rising
4039,shipping
4040,lighter
4041,coastline
4042,bmw
4043,strolls
4044,completes
4045,temple
4046,moped
4047,captured
4048,grasp
4049,quarters
4050,cord
4051,pistol
4052,grazes
4053,barber
4054,competitor
4055,syrup
4056,bra
4057,bandage
4058,interracial
4059,learn
4060,taller
